{
  "$1656": {
    "Object Clipping": 0,
    "Can be jumped on": false,
    "Dies when jumped on": false,
    "Hop in/kick shell": false,
    "Disappears in cloud of smoke": false
  },
  "$1662": {
    "Sprite Clipping": 0,
    "Use shell as death frame": false,
    "Fall straight down when killed": false
  },
  "$166E": {
    "Use second graphics page": true,
    "Palette": 0,
    "Disable fireball killing": true,
    "Disable cape killing": true,
    "Disable water splash": false,
    "Don't interact with Layer 2": false
  },
  "$167A": {
    "Don't disable cliping when starkilled": false,
    "Invincible to star/cape/fire/bounce blk.": false,
    "Process when off screen": false,
    "Don't change into shell when stunned": false,
    "Can't be kicked like shell": false,
    "Process interaction with Mario every frame": false,
    "Gives power-up when eaten by yoshi": false,
    "Don't use default interaction with Mario": true
  },
  "$1686": {
    "Inedible": true,
    "Stay in Yoshi's mouth": false,
    "Weird ground behaviour": false,
    "Don't interact with other sprites": true,
    "Don't change direction if touched": true,
    "Don't turn into coin when goal passed": false,
    "Spawn a new sprite": false,
    "Don't interact with objects": false
  },
  "$190F": {
    "Make platform passable from below": false,
    "Don't erase when goal passed": false,
    "Can't be killed by sliding": true,
    "Takes 5 fireballs to kill": false,
    "Can be jumped on with upwards Y speed": false,
    "Death frame two tiles high": false,
    "Don't turn into a coin with silver POW": false,
    "Don't get stuck in walls (carryable sprites)": false
  },
  "AsmFile": "BallAndChain.asm",
  "ActLike": 169,
  "Type": 1,
  "Extra Property Byte 1": 0,
  "Extra Property Byte 2": 0,
  "Additional Byte Count (extra bit clear)": 4,
  "Additional Byte Count (extra bit set)": 4,
  "Map16": "",
  "Displays": [
    {
      "Description": "customizable bnc; radius (0-74); angle (0-FF); speed (negative is clockwise)",
      "ExtraBit": false,
      "Tiles": [
        {
          "X offset": -8,
          "Y offset": 48,
          "map16 tile": 452
        },
        {
          "X offset": 8,
          "Y offset": 48,
          "map16 tile": 453
        },
        {
          "X offset": 8,
          "Y offset": 64,
          "map16 tile": 469
        },
        {
          "X offset": -8,
          "Y offset": 64,
          "map16 tile": 468
        },
        {
          "X offset": 0,
          "Y offset": 16,
          "map16 tile": 470
        },
        {
          "X offset": 0,
          "Y offset": 32,
          "map16 tile": 470
        }
      ],
      "X": 0,
      "Y": 0,
      "DisplayText": "",
      "UseText": false
    },
    {
      "Description": "customizable bnc; radius (0-74); angle (0-FF); speed (negative is clockwise)",
      "ExtraBit": true,
      "Tiles": [
        {
          "X offset": -8,
          "Y offset": 48,
          "map16 tile": 452
        },
        {
          "X offset": 8,
          "Y offset": 48,
          "map16 tile": 453
        },
        {
          "X offset": 8,
          "Y offset": 64,
          "map16 tile": 469
        },
        {
          "X offset": -8,
          "Y offset": 64,
          "map16 tile": 468
        },
        {
          "X offset": 0,
          "Y offset": 16,
          "map16 tile": 52
        },
        {
          "X offset": 0,
          "Y offset": 32,
          "map16 tile": 52
        }
      ],
      "X": 0,
      "Y": 0,
      "DisplayText": "",
      "UseText": false
    }
  ],
  "Collection": [
    {
      "Name": "Ball and Chain, counter-clockwise",
      "ExtraBit": false,
      "Extra Property Byte 1": 56,
      "Extra Property Byte 2": 0,
      "Extra Property Byte 3": 32,
      "Extra Property Byte 4": 0
    },
    {
      "Name": "Ball and Chain, clockwise",
      "ExtraBit": false,
      "Extra Property Byte 1": 56,
      "Extra Property Byte 2": 0,
      "Extra Property Byte 3": 224,
      "Extra Property Byte 4": 0
    }
  ]
}