{
  "$1656": {
    "Object Clipping": 0,
    "Can be jumped on": true,
    "Dies when jumped on": false,
    "Hop in/kick shell": false,
    "Disappears in cloud of smoke": false
  },
  "$1662": {
    "Sprite Clipping": 54,
    "Use shell as death frame": false,
    "Fall straight down when killed": true
  },
  "$166E": {
    "Use second graphics page": true,
    "Palette": 0,
    "Disable fireball killing": true,
    "Disable cape killing": true,
    "Disable water splash": false,
    "Don't interact with Layer 2": false
  },
  "$167A": {
    "Don't disable cliping when starkilled": true,
    "Invincible to star/cape/fire/bounce blk.": false,
    "Process when off screen": false,
    "Don't change into shell when stunned": false,
    "Can't be kicked like shell": false,
    "Process interaction with Mario every frame": false,
    "Gives power-up when eaten by yoshi": false,
    "Don't use default interaction with Mario": false
  },
  "$1686": {
    "Inedible": true,
    "Stay in Yoshi's mouth": false,
    "Weird ground behaviour": false,
    "Don't interact with other sprites": true,
    "Don't change direction if touched": true,
    "Don't turn into coin when goal passed": false,
    "Spawn a new sprite": false,
    "Don't interact with objects": false
  },
  "$190F": {
    "Make platform passable from below": false,
    "Don't erase when goal passed": false,
    "Can't be killed by sliding": true,
    "Takes 5 fireballs to kill": false,
    "Can be jumped on with upwards Y speed": false,
    "Death frame two tiles high": false,
    "Don't turn into a coin with silver POW": false,
    "Don't get stuck in walls (carryable sprites)": false
  },
  "AsmFile": "banzai_bill_remap.asm",
  "ActLike": 54,
  "Type": 1,
  "Extra Property Byte 1": 0,
  "Extra Property Byte 2": 0,
  "Additional Byte Count (extra bit clear)": 0,
  "Additional Byte Count (extra bit set)": 0,
  "Map16": "",
  "Displays": [
    {
      "Description": "banzai bill",
      "ExtraBit": false,
      "Tiles": [
        {
          "X offset": 0,
          "Y offset": 32,
          "map16 tile": 416
        },
        {
          "X offset": 0,
          "Y offset": 48,
          "map16 tile": 432
        },
        {
          "X offset": 16,
          "Y offset": 48,
          "map16 tile": 433
        },
        {
          "X offset": 0,
          "Y offset": 0,
          "map16 tile": 384
        },
        {
          "X offset": 48,
          "Y offset": 16,
          "map16 tile": 403
        },
        {
          "X offset": 32,
          "Y offset": 16,
          "map16 tile": 402
        },
        {
          "X offset": 16,
          "Y offset": 32,
          "map16 tile": 417
        },
        {
          "X offset": 32,
          "Y offset": 32,
          "map16 tile": 418
        },
        {
          "X offset": 48,
          "Y offset": 32,
          "map16 tile": 419
        },
        {
          "X offset": 16,
          "Y offset": 16,
          "map16 tile": 343
        },
        {
          "X offset": 48,
          "Y offset": 0,
          "map16 tile": 209
        },
        {
          "X offset": 48,
          "Y offset": 48,
          "map16 tile": 225
        },
        {
          "X offset": 16,
          "Y offset": 0,
          "map16 tile": 212
        },
        {
          "X offset": 0,
          "Y offset": 16,
          "map16 tile": 440
        },
        {
          "X offset": 32,
          "Y offset": 0,
          "map16 tile": 242
        }
      ],
      "X": 0,
      "Y": 0,
      "DisplayText": "",
      "UseText": false
    }
  ],
  "Collection": [
    {
      "Name": "Banzai Bill Remap",
      "ExtraBit": false,
      "Extra Property Byte 1": 0,
      "Extra Property Byte 2": 0,
      "Extra Property Byte 3": 0,
      "Extra Property Byte 4": 0
    }
  ]
}